Variable Names,b,a
BatchRun_10776,-16.18751455577053,2.0
BatchRun_11330,-12.912102492710318,2.0
BatchRun_18918,-10.29248660168085,2.0
BatchRun_19445,-6.437574756784283,2.0
BatchRun_20172,-2.3738439593736373,2.0
BatchRun_21686,2.8438545874475025,2.0
BatchRun_23495,6.411841950057706,2.0
BatchRun_23624,11.548690354108672,2.0
BatchRun_24660,13.807084420174363,2.0
BatchRun_24867,16.281495711882336,2.0
