Variable Names,b,a
BatchRun_10364,-18.75597445125796,2.0
BatchRun_12932,-13.635398727290452,2.0
BatchRun_13263,-8.681465336777519,2.0
BatchRun_16243,-7.872194293203421,2.0
BatchRun_17234,-2.354250568216923,2.0
BatchRun_23717,0.7788637196430379,2.0
BatchRun_24142,5.182489391797958,2.0
BatchRun_26485,10.61982454842601,2.0
BatchRun_27237,15.902111590203795,2.0
BatchRun_28016,19.047576867716145,2.0
